iter	RMSE
0	0.3943282007
1	0.3928816361
2	0.3915116322
3	0.3901481148
4	0.3887483103
5	0.3873766323
6	0.3860068298
7	0.3846720565
8	0.3834231075
9	0.3821111537
10	0.3807652874
11	0.3794703542
12	0.3781141763
13	0.3768222616
14	0.3754792841
15	0.3742204543
16	0.3728684829
17	0.3716361395
18	0.3703895333
19	0.3691794848
20	0.3679462686
21	0.3665713928
22	0.3652746292
23	0.3640023002
24	0.3627648688
25	0.3614903569
26	0.3601977201
27	0.3589948738
28	0.357749441
29	0.3565098512
30	0.3552091276
31	0.3539417774
32	0.3527359456
33	0.3515638283
34	0.3503670869
35	0.3492146639
36	0.3480281999
37	0.3468160653
38	0.3456438611
39	0.3444147131
40	0.343233948
41	0.3420665375
42	0.3409242409
43	0.3397859576
44	0.3386210154
45	0.33753491
46	0.3364638496
47	0.3353622303
48	0.334195258
49	0.3330191957
50	0.3318477825
51	0.3308277583
52	0.3297512843
53	0.3287134607
54	0.3276219638
55	0.3265153325
56	0.3254807125
57	0.3244608393
58	0.3234391907
59	0.3223657152
60	0.321302992
61	0.3202923049
62	0.3192341593
63	0.3182661465
64	0.31728633
65	0.3161487746
66	0.3151392185
67	0.3141511761
68	0.3131657129
69	0.3121695412
70	0.3111860177
71	0.3101788916
72	0.3091659156
73	0.3081903577
74	0.3071691561
75	0.3061521345
76	0.3051872473
77	0.3042189858
78	0.3032452096
79	0.3022590527
80	0.301295713
81	0.3003385346
82	0.2994423909
83	0.2984867255
84	0.2975500017
85	0.2965848446
86	0.2956381187
87	0.2947417075
88	0.293760943
89	0.2928018176
90	0.2918694158
91	0.2909615842
92	0.2900609175
93	0.2891922938
94	0.2883177226
95	0.2874378452
96	0.2865876644
97	0.2856843073
98	0.284779982
99	0.2838985882
100	0.2830134261
101	0.2821000479
102	0.2811719761
103	0.2802836939
104	0.2794283236
105	0.2785416465
106	0.2776605443
107	0.276815693
108	0.2759806403
109	0.2751315812
110	0.2742835811
111	0.2734484347
112	0.2725984228
113	0.2717381157
114	0.2709071912
115	0.2700706973
116	0.2692375947
117	0.2684489359
118	0.2675962559
119	0.2667991714
120	0.2660064063
121	0.2652305301
122	0.264485946
123	0.2636845692
124	0.2629167581
125	0.2620941251
126	0.2613271584
127	0.2605450763
128	0.2597546872
129	0.2589998325
130	0.2582516623
131	0.2575040895
132	0.2567152683
133	0.2559678415
134	0.2551981042
135	0.2544340001
136	0.2536870823
137	0.2529515689
138	0.2522360129
139	0.2515027529
140	0.2508413826
141	0.2501319228
142	0.2494084823
143	0.2486800713
144	0.2479662972
145	0.2472729929
146	0.2465607939
147	0.2458686949
148	0.245184959
149	0.2444503509
150	0.2437716848
151	0.2430768843
152	0.2423412974
153	0.2416733725
154	0.2409925576
155	0.2402734179
156	0.2396148255
157	0.2389096256
158	0.238228013
159	0.2375985339
160	0.236915374
161	0.2361973037
162	0.2355643402
163	0.2349520107
164	0.2342784421
165	0.2335878346
166	0.2328913469
167	0.2322748973
168	0.2316418703
169	0.2309897136
170	0.2303905669
171	0.2298001085
172	0.2291669597
173	0.2285545737
174	0.2279591538
175	0.227371445
176	0.2267271723
177	0.2261004253
178	0.2254651773
179	0.2248681906
180	0.2242638192
181	0.2236386768
182	0.2230371682
183	0.2224465324
184	0.2218465471
185	0.2212533373
186	0.2206257369
187	0.2200902613
188	0.2195209105
189	0.2189710809
190	0.218388277
191	0.2177848856
192	0.2172269268
193	0.2166499582
194	0.2160631334
195	0.2154842179
196	0.2148859861
197	0.2143313143
198	0.2137844773
199	0.2132356307
200	0.2126654386
201	0.2121598272
202	0.2116478999
203	0.2111068504
204	0.2105812924
205	0.2100299038
206	0.2094552199
207	0.2089141969
208	0.208385765
209	0.2078831751
210	0.2073734744
211	0.2068887179
212	0.2063496628
213	0.2058500826
214	0.205376857
215	0.2048632322
216	0.2043474785
217	0.2038280982
218	0.2033502001
219	0.2028549046
220	0.2023909018
221	0.2019132362
222	0.2014658582
223	0.2009881167
224	0.2004915635
225	0.2000091179
226	0.1995352539
227	0.1990273198
228	0.1985333081
229	0.1980257254
230	0.1975694958
231	0.1971198003
232	0.1966589937
233	0.196191137
234	0.1957175701
235	0.1952145586
236	0.1947313289
237	0.1942560543
238	0.1937947028
239	0.1933158007
240	0.192874378
241	0.1924071858
242	0.1919505785
243	0.1914805283
244	0.1910559434
245	0.1906195252
246	0.190144281
247	0.1896671844
248	0.1892039924
249	0.1888081697
250	0.1883683947
251	0.1879404088
252	0.1875011238
253	0.187066539
254	0.1866498431
255	0.1862277327
256	0.1857792221
257	0.1853504779
258	0.1849090984
259	0.1844889438
260	0.1840299068
261	0.1835845806
262	0.1831990694
263	0.1827622264
264	0.1823656286
265	0.1819455284
266	0.1815583709
267	0.1811671453
268	0.1807873699
269	0.1804067872
270	0.1799935981
271	0.1795755943
272	0.1792000399
273	0.1787937613
274	0.1784421514
275	0.1780396928
276	0.1776568063
277	0.1772999569
278	0.1769419127
279	0.1765562167
280	0.1761964543
281	0.175826491
282	0.1754663708
283	0.1751432554
284	0.1747247763
285	0.174342885
286	0.1739983825
287	0.173621247
288	0.1732409464
289	0.1728841767
290	0.1725519151
291	0.1721934253
292	0.1718535586
293	0.1714767897
294	0.1711371477
295	0.1707700381
296	0.170419648
297	0.1700917365
298	0.1697403755
299	0.1693782734
300	0.1690302401
301	0.1686859117
302	0.1683667316
303	0.1680608113
304	0.1677395091
305	0.167406446
306	0.1670823383
307	0.1667587256
308	0.1663994494
309	0.1660531889
310	0.1657295938
311	0.1654071787
312	0.1650645153
313	0.1647801561
314	0.1644607558
315	0.164130117
316	0.1638101239
317	0.1635059874
318	0.1632040068
319	0.1628849379
320	0.1625631321
321	0.1622607732
322	0.1619330338
323	0.1616441958
324	0.1613503994
325	0.1610428692
326	0.1607439637
327	0.1604408405
328	0.1601569708
329	0.1598589601
330	0.1595568273
331	0.1592536207
332	0.1589509269
333	0.1586425443
334	0.1583401553
335	0.1580374368
336	0.157741637
337	0.1574561903
338	0.1571450554
339	0.1568692832
340	0.1565856313
341	0.1563074942
342	0.1560421076
343	0.1557772726
344	0.1554722203
345	0.1551958347
346	0.1549224128
347	0.1546314424
348	0.1543356789
349	0.1540708484
350	0.1537969735
351	0.1535302272
352	0.1532572593
353	0.1529772091
354	0.1527228572
355	0.152423322
356	0.1521758429
357	0.1519237772
358	0.151651185
359	0.1513932611
360	0.1511355266
361	0.1508856711
362	0.1506131967
363	0.1503747529
364	0.1501196277
365	0.1498688578
366	0.1496171177
367	0.1493521743
368	0.1490647803
369	0.1488204039
370	0.1485688402
371	0.1483218843
372	0.1480815684
373	0.1478142422
374	0.1475734566
375	0.1473346329
376	0.1470730426
377	0.146806832
378	0.1465699503
379	0.1463154965
380	0.14607624
381	0.1458165861
382	0.145564459
383	0.145330339
384	0.1451101008
385	0.1448659649
386	0.1446495066
387	0.1444111137
388	0.144182936
389	0.1439498385
390	0.1437403403
391	0.1435050659
392	0.1432685955
393	0.1430388756
394	0.1428280536
395	0.1426123808
396	0.1423717419
397	0.1421540815
398	0.1419459762
399	0.1417423793
400	0.1415457426
401	0.1412988488
402	0.1410735515
403	0.1408416514
404	0.1406483238
405	0.140445062
406	0.1402404527
407	0.1400169984
408	0.1398063298
409	0.1395853553
410	0.1393408295
411	0.1391191195
412	0.1388986338
413	0.1386860986
414	0.1384792044
415	0.1382621167
416	0.1380547056
417	0.1378431316
418	0.1376412216
419	0.1374383524
420	0.1372460686
421	0.1370635229
422	0.136871711
423	0.1366636998
424	0.1364797055
425	0.1362888106
426	0.136104633
427	0.1359128117
428	0.1357176556
429	0.1355063867
430	0.1353299044
431	0.1351408403
432	0.134950299
433	0.1347530849
434	0.1345603172
435	0.1343600309
436	0.13415302
437	0.1339685879
438	0.133771765
439	0.1335785759
440	0.1333912027
441	0.1331900944
442	0.1330043141
443	0.1328063273
444	0.132634697
445	0.1324637454
446	0.1322885278
447	0.1321039957
448	0.1319129119
449	0.131729238
450	0.1315518651
451	0.131377814
452	0.1311735902
453	0.1309917901
454	0.1308093958
455	0.1306117698
456	0.1304461669
457	0.1302751904
458	0.1300994121
459	0.1299398906
460	0.1297819001
461	0.1296270225
462	0.1294459942
463	0.1292613063
464	0.1290665272
465	0.1288796162
466	0.1287100159
467	0.1285606673
468	0.1283882149
469	0.1282073206
470	0.1280497281
471	0.127885705
472	0.1277643968
473	0.1275904358
474	0.1274150859
475	0.127249603
476	0.1270934741
477	0.1269296337
478	0.1267816399
479	0.1266193012
480	0.1264565844
481	0.126306004
482	0.1261637039
483	0.1260049664
484	0.1258572384
485	0.1257101447
486	0.1255487611
487	0.1253998377
488	0.1252572067
489	0.1250791553
490	0.1249355704
491	0.1247907883
492	0.1246495825
493	0.1245090309
494	0.1243556744
495	0.1241987575
496	0.124065833
497	0.1239213792
498	0.123779866
499	0.1236325751
500	0.1234876391
501	0.1233375588
502	0.1231980942
503	0.1230662142
504	0.1229279959
505	0.122775644
506	0.1226385205
507	0.122495135
508	0.1223515265
509	0.122193485
510	0.1220667007
511	0.1219313773
512	0.1217850517
513	0.1216559526
514	0.1215303285
515	0.1213912386
516	0.121239966
517	0.12110309
518	0.1209798435
519	0.1208495269
520	0.1207125104
521	0.1205959639
522	0.1204552767
523	0.1203160555
524	0.120188159
525	0.1200571184
526	0.1199223418
527	0.119799036
528	0.1196598769
529	0.1195303161
530	0.1193957604
531	0.1192605428
532	0.1191467682
533	0.1190148674
534	0.1188889241
535	0.1187660559
536	0.1186398816
537	0.1185164268
538	0.1183922899
539	0.1182469088
540	0.1181148885
541	0.1179830611
542	0.1178569584
543	0.1177530909
544	0.1176155706
545	0.1174958037
546	0.1173649512
547	0.1172317355
548	0.1171115418
549	0.1169807209
550	0.1168624271
551	0.1167511737
552	0.1166308107
553	0.1165214995
554	0.1163968236
555	0.1162868284
556	0.1161607665
557	0.1160399667
558	0.1159239314
559	0.1157969286
560	0.1156797241
561	0.1155751465
562	0.1154587965
563	0.1153410839
564	0.1152316832
565	0.115140116
566	0.1150289212
567	0.1149254372
568	0.1147939418
569	0.1146895097
570	0.1145576138
571	0.114434641
572	0.114320178
573	0.1141981417
574	0.1140897385
575	0.1139792363
576	0.1138707395
577	0.1137661178
578	0.1136573711
579	0.1135319088
580	0.1134319877
581	0.1133247841
582	0.1132197083
583	0.1131187058
584	0.1130030702
585	0.1128943153
586	0.1127914193
587	0.1126783677
588	0.1125579806
589	0.1124464325
590	0.1123436182
591	0.1122561643
592	0.1121474354
593	0.1120408285
594	0.1119355617
595	0.1118402301
596	0.1117296987
597	0.1116350399
598	0.1115262304
599	0.1114325913
600	0.1113565518
601	0.1112592699
602	0.1111529033
603	0.1110387609
604	0.1109249991
605	0.110839784
606	0.110743231
607	0.1106371362
608	0.1105684235
609	0.1104700246
610	0.1103750894
611	0.1102727153
612	0.1101952292
613	0.1100910081
614	0.109985699
615	0.1098846492
616	0.109788823
617	0.1096744302
618	0.1095868629
619	0.1094927684
620	0.1093922493
621	0.1092943033
622	0.1092152541
623	0.109128747
624	0.109032634
625	0.1089403913
626	0.1088579646
627	0.1087744923
628	0.1086721326
629	0.1085794695
630	0.1084861823
631	0.1083936183
632	0.1083147373
633	0.1082126139
634	0.1081176259
635	0.1080380238
636	0.1079560193
637	0.1078858577
638	0.1078172771
639	0.1077277025
640	0.1076484652
641	0.1075592002
642	0.1074701184
643	0.1073889097
644	0.1072994024
645	0.1072072348
646	0.1070931374
647	0.1069981
648	0.1069134928
649	0.1068003429
650	0.1067154702
651	0.1066316305
652	0.106559769
653	0.1064664175
654	0.1063721987
655	0.1062802819
656	0.1061994758
657	0.1061137186
658	0.1060263404
659	0.1059401945
660	0.1058467811
661	0.1057587577
662	0.1056829422
663	0.1056074473
664	0.1055368144
665	0.1054490682
666	0.1053596061
667	0.1052977383
668	0.1052269411
669	0.1051405297
670	0.1050520958
671	0.1049769258
672	0.1048853847
673	0.1048088414
674	0.1047448965
675	0.1046585093
676	0.1045795737
677	0.1045008257
678	0.1044178094
679	0.104334492
680	0.1042511219
681	0.1041774556
682	0.1041092111
683	0.1040154172
684	0.1039290043
685	0.1038457481
686	0.1037640463
687	0.1036910041
688	0.1036164771
689	0.1035282104
690	0.1034314102
691	0.1033535682
692	0.1032730146
693	0.1031981653
694	0.1031071524
695	0.1030238799
696	0.1029468459
697	0.102863397
698	0.1027853385
699	0.1027243726
700	0.1026421591
701	0.1025731944
702	0.1024919337
703	0.1024320929
704	0.1023604501
705	0.1022815294
706	0.1022101339
707	0.1021319841
708	0.1020602433
709	0.10199467
710	0.1019164846
711	0.1018454934
712	0.1017692702
713	0.1017063917
714	0.1016471014
715	0.1015701896
716	0.1014724008
717	0.1014023801
718	0.1013337782
719	0.1012528989
720	0.1011830273
721	0.1011073207
722	0.1010453244
723	0.1009777738
724	0.1009140781
725	0.1008581165
726	0.1007893062
727	0.1007281234
728	0.1006538404
729	0.1005945148
730	0.1005200645
731	0.100464209
732	0.1003924089
733	0.1003359165
734	0.100274677
735	0.1002191685
736	0.10015244
737	0.1000895655
738	0.100026475
739	0.0999630845
740	0.0999018415
741	0.09983991638
742	0.09977220704
743	0.09969384473
744	0.09962996888
745	0.09956950769
746	0.09949195151
747	0.09943216245
748	0.09936742024
749	0.09930186266
750	0.099225367
751	0.09916028865
752	0.09910132991
753	0.09905155097
754	0.09900678647
755	0.09894702688
756	0.09888597842
757	0.09882179594
758	0.09875005212
759	0.09870267397
760	0.09864114491
761	0.09859163014
762	0.09852886295
763	0.09846349573
764	0.09840499697
765	0.09835633836
766	0.09829778724
767	0.0982387778
768	0.09815814553
769	0.0981020128
770	0.09803910516
771	0.09797571457
772	0.09791630717
773	0.0978581656
774	0.09784318972
775	0.09778800162
776	0.09773492805
777	0.09767675184
778	0.09762586895
779	0.09756809773
780	0.09749856335
781	0.09743572325
782	0.09736866637
783	0.09731800079
784	0.0972672899
785	0.09720797881
786	0.09715154949
787	0.09707762225
788	0.09701630303
789	0.09695944165
790	0.0968871248
791	0.09683701102
792	0.09677030943
793	0.09671157375
794	0.09666041722
795	0.09659909876
796	0.09654284567
797	0.09647511088
798	0.09642260468
799	0.0963500315
800	0.09629419767
801	0.09623845307
802	0.09617062098
803	0.09610075966
804	0.0960342047
805	0.095976395
806	0.09591236067
807	0.09586070755
808	0.09580571984
809	0.09575152947
810	0.09569420381
811	0.0956430203
812	0.09558848924
813	0.0955343796
814	0.09548142251
815	0.09543510906
816	0.09538704137
817	0.0953473636
818	0.0952931111
819	0.09525277757
820	0.09519109287
821	0.09513272973
822	0.09506750562
823	0.09501352727
824	0.09497102368
825	0.09491359576
826	0.0948772325
827	0.09482536037
828	0.09477715434
829	0.0947299383
830	0.0946645803
831	0.09461515321
832	0.09456737666
833	0.09451340086
834	0.0944702815
835	0.09441178827
836	0.09435202392
837	0.09431110084
838	0.09426439815
839	0.09421159035
840	0.09416271765
841	0.09410404822
842	0.0940419926
843	0.0939999958
844	0.09395547893
845	0.09390374284
846	0.09386171592
847	0.09380783007
848	0.09376641664
849	0.09371480853
850	0.09366530505
851	0.09361718649
852	0.09357502743
853	0.09352158247
854	0.09347420454
855	0.09342895604
856	0.0933867791
857	0.09334528829
858	0.09329327904
859	0.09324216635
860	0.09319903662
861	0.09315577201
862	0.09310210138
863	0.09305121097
864	0.09300273744
865	0.09295420554
866	0.09290643113
867	0.0928629378
868	0.09281550356
869	0.09276884184
870	0.09273476398
871	0.09269362198
872	0.09264643039
873	0.09261269168
874	0.09256255155
875	0.09249666725
876	0.09244378993
877	0.09239614391
878	0.09233324665
879	0.09228465279
880	0.09222872568
881	0.09217014218
882	0.09211953794
883	0.09208686568
884	0.09204993986
885	0.09199805591
886	0.09194846595
887	0.09190035544
888	0.09184928641
889	0.09180504376
890	0.09176612048
891	0.09171099937
892	0.09166451632
893	0.09161319699
894	0.09157454573
895	0.0915269821
896	0.09147805491
897	0.09143222071
898	0.09139628849
899	0.09135582504
900	0.09129970942
901	0.09124706016
902	0.0912022125
903	0.09114861615
904	0.09111192134
905	0.09106495504
906	0.0910260584
907	0.09098441245
908	0.09092300941
909	0.09088655181
910	0.09085063885
911	0.09080712663
912	0.09077363049
913	0.09071177238
914	0.09067163984
915	0.09063528003
916	0.09058927989
917	0.0905191728
918	0.09048782575
919	0.09044022687
920	0.09040353107
921	0.09035137716
922	0.09030224067
923	0.09024396215
924	0.09019834879
925	0.09017795647
926	0.09012986204
927	0.09009586795
928	0.09007029266
929	0.0900153111
930	0.08998835382
931	0.08994883169
932	0.08990568024
933	0.08986341565
934	0.0898285432
935	0.08977982423
936	0.08974464078
937	0.08970592965
938	0.08967126077
939	0.08964298496
940	0.08960446734
941	0.08955969499
942	0.08952056844
943	0.0894578252
944	0.08941332196
945	0.08937884553
946	0.0893428905
947	0.08930292753
948	0.08925596453
949	0.08920782534
950	0.08917369373
951	0.08914584223
952	0.08909970089
953	0.08905429269
954	0.08901351232
955	0.08897902918
956	0.08893387009
957	0.08890193803
958	0.08886834379
959	0.08882096473
960	0.0887660938
961	0.0887117252
962	0.08865835777
963	0.08861550282
964	0.08856598763
965	0.08851993292
966	0.08847200101
967	0.08843390516
968	0.08839865809
969	0.08835140562
970	0.08830272108
971	0.08826815979
972	0.08822166015
973	0.08816818922
974	0.08812297584
975	0.08809452897
976	0.08806411468
977	0.08802543752
978	0.08799100464
979	0.08795778614
980	0.08791479757
981	0.08787143393
982	0.08783222776
983	0.08778369783
984	0.08775916925
985	0.08771016412
986	0.08766900242
987	0.08762009686
988	0.08757235933
989	0.08753849637
990	0.08751779204
991	0.08747766998
992	0.08743054967
993	0.08739152125
994	0.08734690532
995	0.08730715302
996	0.08727004829
997	0.08724004841
998	0.08721597968
999	0.08717849821
1000	0.08713572759
1001	0.08710371315
1002	0.08706760803
1003	0.08703784689
1004	0.08699933907
1005	0.08696371201
1006	0.086936618
1007	0.08689551858
1008	0.08685260587
1009	0.08681193787
1010	0.08677000306
1011	0.08674290368
1012	0.08670967302
1013	0.08667525176
1014	0.08664462115
1015	0.08659565521
1016	0.08653567464
1017	0.08650060736
1018	0.08646131726
1019	0.08641675061
1020	0.08639135486
1021	0.0863528037
1022	0.08630937884
1023	0.08627779237
1024	0.08624861012
1025	0.08620036298
1026	0.08616429541
1027	0.0861322519
1028	0.08609846908
1029	0.08605719679
1030	0.08601196239
1031	0.08596211076
1032	0.08592775857
1033	0.08588907822
1034	0.08585714021
1035	0.0858162008
1036	0.08577399927
1037	0.08574553728
1038	0.08571568521
1039	0.08568304264
1040	0.08563265226
1041	0.08558885303
1042	0.08555541776
1043	0.08551985448
1044	0.08546791028
1045	0.08543058379
1046	0.08539115685
1047	0.08536048383
1048	0.08532722443
1049	0.08529268846
1050	0.08524293927
1051	0.08520988637
1052	0.0851691351
1053	0.08512578427
1054	0.08509059148
1055	0.08506261058
1056	0.08503336435
1057	0.08500638524
1058	0.08495931258
1059	0.08491238093
1060	0.08487881759
1061	0.084845218
1062	0.08481517004
1063	0.08476670838
1064	0.08472728556
1065	0.08470303681
1066	0.08467667057
1067	0.08462751499
1068	0.08458382975
1069	0.08454950788
1070	0.08451931268
1071	0.08446986513
1072	0.08444124421
1073	0.08439736086
1074	0.08435852842
1075	0.08433487948
1076	0.08430769197
1077	0.08427458948
1078	0.08424573335
1079	0.0842171068
1080	0.08417320137
1081	0.08413291694
1082	0.08409034571
1083	0.0840650991
1084	0.08403076055
1085	0.08399537525
1086	0.08395742348
1087	0.08392973095
1088	0.08388955438
1089	0.08385305467
1090	0.08382791356
1091	0.08379629204
1092	0.08376277171
1093	0.08374469825
1094	0.08371670084
1095	0.0836901462
1096	0.08365110201
1097	0.08362628325
1098	0.08359556709
1099	0.08356703722
1100	0.083529725
1101	0.08349140505
1102	0.08346027793
1103	0.0834299401
1104	0.0833964671
1105	0.08334935681
1106	0.08332368
1107	0.08329994955
1108	0.08326771308
1109	0.08322982963
1110	0.08319431694
1111	0.08316268598
1112	0.08312299407
1113	0.0830935623
1114	0.083067517
1115	0.08301394759
1116	0.08298434445
1117	0.08296220273
1118	0.08293241382
1119	0.08290173582
1120	0.08287113112
1121	0.08283893919
1122	0.08280565176
1123	0.08277728448
1124	0.08273763682
1125	0.08272766439
1126	0.08269930973
1127	0.08266275231
1128	0.08261973352
1129	0.08259989835
1130	0.08256416937
1131	0.08253302781
1132	0.08250786924
1133	0.08245893953
1134	0.08242600697
1135	0.08238509991
1136	0.08235546078
1137	0.08232965958
1138	0.08230394536
1139	0.08227538824
1140	0.08224683456
1141	0.082200724
1142	0.08215949488
1143	0.08212000175
1144	0.08209433741
1145	0.08205023782
1146	0.08201818617
1147	0.08199127989
1148	0.081950369
1149	0.08192701643
1150	0.08189594591
1151	0.08187187653
1152	0.08185285853
1153	0.08181297245
1154	0.08178701493
1155	0.08176050674
1156	0.08172382166
1157	0.08169560728
1158	0.08167355118
1159	0.08164341068
1160	0.0816090675
1161	0.08158509438
1162	0.08155984637
1163	0.08154033923
1164	0.0815085286
1165	0.08148415556
1166	0.08146156468
1167	0.08144570956
1168	0.08142610778
1169	0.08140030392
1170	0.08134861453
1171	0.08131486316
1172	0.08128201739
1173	0.0812481458
1174	0.08121952672
1175	0.08119538904
1176	0.0811700155
1177	0.08113988211
1178	0.08109409954
1179	0.08105487211
1180	0.0810236694
1181	0.08097412545
1182	0.08094182573
1183	0.08089460484
1184	0.08087010736
1185	0.08084133601
1186	0.08082156889
1187	0.08078309773
1188	0.08075996458
1189	0.08073196476
1190	0.08070076451
1191	0.0806727123
1192	0.08064966888
1193	0.08061039675
1194	0.08057580157
1195	0.08053677051
1196	0.0804977939
1197	0.08046728138
1198	0.08044302605
1199	0.08041809455
1200	0.08037167058
1201	0.08034704053
1202	0.08032288776
1203	0.08029391085
1204	0.08026211009
1205	0.08023804359
1206	0.08019723505
1207	0.08016282022
1208	0.08013354517
1209	0.08010553224
1210	0.08007737727
1211	0.08006407559
1212	0.08003876472
1213	0.08001711727
1214	0.07998871754
1215	0.07995135541
1216	0.07992080993
1217	0.079885819
1218	0.07985829665
1219	0.0798206376
1220	0.07978615902
1221	0.0797519778
1222	0.0797305535
1223	0.07968838795
1224	0.07966053828
1225	0.07962681066
1226	0.07960068153
1227	0.07957616706
1228	0.07954761664
1229	0.07952665724
1230	0.07948392788
1231	0.07945787823
1232	0.07943843992
1233	0.07940914798
1234	0.07938437887
1235	0.07936484799
1236	0.07933318612
1237	0.07930068096
1238	0.07927717685
1239	0.07925289742
1240	0.07923168437
1241	0.07921260117
1242	0.07917624704
1243	0.07914414385
1244	0.07912059331
1245	0.07910407546
1246	0.07908672714
1247	0.07906707558
1248	0.07902928639
1249	0.07899639384
1250	0.07895965681
1251	0.0789259677
1252	0.07888763289
1253	0.07885909128
1254	0.07881985308
1255	0.07878843552
1256	0.07875557369
1257	0.07872750038
1258	0.07869808539
1259	0.07866606869
1260	0.07863869408
1261	0.07860386943
1262	0.07857522543
1263	0.07855354072
1264	0.07852920498
1265	0.07850416337
1266	0.07847405848
1267	0.07845760485
1268	0.07843220467
1269	0.07840234699
1270	0.07837522401
1271	0.0783427153
1272	0.07831471135
1273	0.07828775389
1274	0.07826173977
1275	0.07823926684
1276	0.07822868996
1277	0.07820380085
1278	0.07818992859
1279	0.07816796919
1280	0.07813411427
1281	0.07811026323
1282	0.07806324025
1283	0.07804276392
1284	0.07802229129
1285	0.07799800531
1286	0.07795549457
1287	0.07792674583
1288	0.07790305872
1289	0.0778882094
1290	0.07785910567
1291	0.07783778664
1292	0.07779851777
1293	0.07777712514
1294	0.07776009268
1295	0.07773224698
1296	0.07769686883
1297	0.07766781529
1298	0.07764876315
1299	0.0776133938
1300	0.07758910427
1301	0.07756822427
1302	0.07755016554
1303	0.07752633882
1304	0.07750785237
1305	0.0774811841
1306	0.07746289999
1307	0.07742791293
1308	0.0774005305
1309	0.07738106291
1310	0.07733200566
1311	0.07729898381
1312	0.07726964948
1313	0.07725000989
1314	0.07722618322
1315	0.07720323347
1316	0.07716999341
1317	0.07713714153
1318	0.0770983647
1319	0.07706976584
1320	0.07704731679
1321	0.07701957344
1322	0.07699965764
1323	0.07697498918
1324	0.07693217957
1325	0.0769073985
1326	0.07688433097
1327	0.0768670624
1328	0.07684198368
1329	0.07681227246
1330	0.07678689202
1331	0.07676298436
1332	0.07674938705
1333	0.07673081873
1334	0.07670605232
1335	0.07668245877
1336	0.0766473568
1337	0.07660905588
1338	0.07658108258
1339	0.07656375509
1340	0.07652944174
1341	0.0765011678
1342	0.07647375458
1343	0.0764439808
1344	0.07641530546
1345	0.07637671782
1346	0.07636058145
1347	0.0763195148
1348	0.07629385173
1349	0.07626638459
1350	0.07623463183
1351	0.07621508821
1352	0.07618441222
1353	0.07615612479
1354	0.07612819232
1355	0.07609884673
1356	0.0760732024
1357	0.07605320313
1358	0.07602682846
1359	0.07599841724
1360	0.07596302019
1361	0.07593042367
1362	0.07589630269
1363	0.07586573269
1364	0.07583733028
1365	0.07581898221
1366	0.07579783146
1367	0.0757885511
1368	0.07576907522
1369	0.0757300227
1370	0.0756950467
1371	0.07566766671
1372	0.0756325872
1373	0.0756130817
1374	0.07557285517
1375	0.07554903893
1376	0.07553161668
1377	0.07551174339
1378	0.07549175381
1379	0.07547118369
1380	0.07544761768
1381	0.07542183225
1382	0.07540194187
1383	0.07538047043
1384	0.07534374739
1385	0.07532000321
1386	0.07530103294
1387	0.07525139194
1388	0.07522585563
1389	0.07520251374
1390	0.07517461241
1391	0.0751500655
1392	0.07513566142
1393	0.07512440209
1394	0.07509975231
1395	0.07507228377
1396	0.07504241778
1397	0.07501316166
1398	0.074988981
1399	0.07495179524
1400	0.07492374142
1401	0.07489116296
1402	0.07485928787
1403	0.0748279997
1404	0.07478558727
1405	0.07474761707
1406	0.07470919091
1407	0.0746876503
1408	0.07465178863
1409	0.07463711081
1410	0.07461651408
1411	0.07458937398
1412	0.07457104061
1413	0.07454349771
1414	0.07450427136
1415	0.07448681855
1416	0.07446784241
1417	0.07444158049
1418	0.07439147821
1419	0.07437177631
1420	0.07435058572
1421	0.07433505443
1422	0.07430090169
1423	0.07427147834
1424	0.07423445982
1425	0.07421264343
1426	0.07418109694
1427	0.07414585912
1428	0.07412269849
1429	0.07410015361
1430	0.07408001905
1431	0.07405561987
1432	0.07403677082
1433	0.07402140247
1434	0.07398827046
1435	0.07396609021
1436	0.07394583387
1437	0.07391382113
1438	0.07388978946
1439	0.07385694101
1440	0.07382997591
1441	0.07380762269
1442	0.07377241178
1443	0.07374089395
1444	0.07371763324
1445	0.07369247009
1446	0.07367053887
1447	0.07364586992
1448	0.07362266137
1449	0.07359596627
1450	0.07357478367
1451	0.07354869601
1452	0.07352710993
1453	0.07350612739
1454	0.07348211163
1455	0.07346661238
1456	0.07344265852
1457	0.07340789015
1458	0.07338644357
1459	0.07334572549
1460	0.07331155591
1461	0.0732825267
1462	0.07323675319
1463	0.07320610142
1464	0.07317726077
1465	0.07315553619
1466	0.07313075337
1467	0.07309991884
1468	0.07308098143
1469	0.07305903342
1470	0.0730268756
1471	0.07300118282
1472	0.07297978306
1473	0.07295596152
1474	0.07292264184
1475	0.07289727334
1476	0.07287841741
1477	0.0728505248
1478	0.0728128173
1479	0.07279185098
1480	0.07276999267
1481	0.07275132188
1482	0.07271226808
1483	0.07268735308
1484	0.07264495821
1485	0.07261067818
1486	0.07258040335
1487	0.07255269285
1488	0.07252592158
1489	0.07249014664
1490	0.07244558425
1491	0.07242024025
1492	0.0723727856
1493	0.07233715485
1494	0.07231390106
1495	0.0722845845
1496	0.07226201087
1497	0.07223362437
1498	0.07220977912
1499	0.07218263947
1500	0.07214639683
1501	0.07212883852
1502	0.07210454481
1503	0.07208899327
1504	0.07206306721
1505	0.07203994779
1506	0.07201456671
1507	0.07198975249
1508	0.0719813496
1509	0.07195700894
1510	0.07193678476
1511	0.07190315421
1512	0.07188152231
1513	0.07184368275
1514	0.07180631482
1515	0.07179478402
1516	0.07176629116
1517	0.07173109945
1518	0.07171463682
1519	0.07170141821
1520	0.07168584378
1521	0.07167287391
1522	0.0716372169
1523	0.07161259667
1524	0.07158656946
1525	0.07156648103
1526	0.07153759505
1527	0.07152014818
1528	0.07149285384
1529	0.07146574959
1530	0.07145063204
1531	0.07142614288
1532	0.07140745285
1533	0.07138389744
1534	0.07136831069
1535	0.07135125318
1536	0.07132012968
1537	0.07129378833
1538	0.07127837484
1539	0.07124864306
1540	0.07121727938
1541	0.07119719666
1542	0.07117611684
1543	0.07115166743
1544	0.07112763709
1545	0.07110016316
1546	0.07107374726
1547	0.07106714197
1548	0.0710330359
1549	0.07099547477
1550	0.070957806
1551	0.07093061401
1552	0.07091046524
1553	0.07089364263
1554	0.07086543969
1555	0.07084629992
1556	0.07082689773
1557	0.07080772402
1558	0.07078404312
1559	0.07075314321
1560	0.07072723893
1561	0.07071131175
1562	0.07068592546
1563	0.07066649644
1564	0.07064338158
1565	0.07062785644
1566	0.07060060175
1567	0.07057028745
1568	0.07054648693
1569	0.07052319294
1570	0.07049347173
1571	0.07046767003
1572	0.07043741625
1573	0.07040700547
1574	0.07038598466
1575	0.07036332986
1576	0.07033564104
1577	0.07030603031
1578	0.07027993791
1579	0.07025170567
1580	0.07023359099
1581	0.07021891127
1582	0.07018792509
1583	0.07017253107
1584	0.07014405083
1585	0.07011715383
1586	0.07009221441
1587	0.07007077989
1588	0.07004232149
1589	0.07001893719
1590	0.06999870352
1591	0.06997313926
1592	0.06994447673
1593	0.06991880438
1594	0.06989510313
1595	0.0698622712
1596	0.06983880197
1597	0.06981569247
1598	0.06978988768
1599	0.06976680277
1600	0.0697364638
1601	0.06971518104
1602	0.06969340544
1603	0.06967861835
1604	0.06963927896
1605	0.06961834185
1606	0.06959841125
1607	0.06957661159
1608	0.06956022429
1609	0.0695464091
1610	0.06952209831
1611	0.06949285505
1612	0.06947346726
1613	0.06943715107
1614	0.06940593241
1615	0.06937751685
1616	0.06935645826
1617	0.06933195221
1618	0.06931517275
1619	0.06929528065
1620	0.06927832444
1621	0.06926522897
1622	0.06924197847
1623	0.06922717255
1624	0.06920255696
1625	0.06918497186
1626	0.06915033579
1627	0.06912694109
1628	0.06909361105
1629	0.06906843945
1630	0.0690499856
1631	0.06903388571
1632	0.06899059941
1633	0.06897566892
1634	0.06894520185
1635	0.06892332646
1636	0.06887741069
1637	0.0688535229
1638	0.06882565866
1639	0.06880115486
1640	0.06875787434
1641	0.06872643427
1642	0.06871291036
1643	0.06868037656
1644	0.06865370318
1645	0.06863014943
1646	0.0686001728
1647	0.06857948092
1648	0.06855253866
1649	0.0685198702
1650	0.06848447678
1651	0.06846453982
1652	0.06844564642
1653	0.06842721675
1654	0.06840629654
1655	0.06836795563
1656	0.06834085965
1657	0.0683128374
1658	0.06829797966
1659	0.06827299379
1660	0.06825462739
1661	0.06823076141
1662	0.06820596514
1663	0.06818436475
1664	0.06815600499
1665	0.06814403729
1666	0.06812759678
1667	0.0681121866
1668	0.06809271818
1669	0.06805587625
1670	0.06803415614
1671	0.0680090907
1672	0.06799335577
1673	0.06797306319
1674	0.06794805912
1675	0.06792619665
1676	0.0678892423
1677	0.06786213054
1678	0.06782849037
1679	0.06780108646
1680	0.06777781044
1681	0.06776160755
1682	0.06771804516
1683	0.06769323153
1684	0.06767356308
1685	0.06764939118
1686	0.06762328255
1687	0.06760264448
1688	0.06758252241
1689	0.06756758261
1690	0.06754181319
1691	0.06750489256
1692	0.06749041803
1693	0.06746924423
1694	0.06744286382
1695	0.06741355444
1696	0.06737729048
1697	0.06735142097
1698	0.06732332244
1699	0.06730122731
1700	0.06728801515
1701	0.06725420286
1702	0.06723611737
1703	0.06721171718
1704	0.06719063771
1705	0.06716604194
1706	0.0671391295
1707	0.06712012041
1708	0.06710541313
1709	0.06707342857
1710	0.06704482664
1711	0.06702000789
1712	0.06700043419
1713	0.06698169449
1714	0.06695447157
1715	0.06693616086
1716	0.0669193535
1717	0.0668796461
1718	0.06686043999
1719	0.06684345899
1720	0.06681502896
1721	0.06679063655
1722	0.06676210583
1723	0.06674778593
1724	0.06672624531
1725	0.06670413189
1726	0.06668595008
1727	0.06666315753
1728	0.06662577301
1729	0.06660374673
1730	0.06657035589
1731	0.0665485609
1732	0.06652354009
1733	0.06649598509
1734	0.06646880052
1735	0.06645077211
1736	0.06642428306
1737	0.0664059543
1738	0.06638018034
1739	0.06636168878
1740	0.06633544833
1741	0.06631269039
1742	0.06629608869
1743	0.06627662097
1744	0.06625714562
1745	0.06623905071
1746	0.06621359662
1747	0.06618510799
1748	0.06616877747
1749	0.06615457845
1750	0.06613284112
1751	0.06610170755
1752	0.06608105825
1753	0.06606222057
1754	0.06604548046
1755	0.06602040968
1756	0.06601007629
1757	0.06598584078
1758	0.06596269893
1759	0.0659292595
1760	0.06590152104
1761	0.06588333181
1762	0.06586563437
1763	0.06583603078
1764	0.06581425165
1765	0.06579341539
1766	0.0657647093
1767	0.0657357544
1768	0.06571982062
1769	0.06568668932
1770	0.06567062113
1771	0.06565277225
1772	0.06563453604
1773	0.0656153661
1774	0.06559088812
1775	0.06555755324
1776	0.0655374439
1777	0.06552216867
1778	0.06549045775
1779	0.06546955727
1780	0.0654475111
1781	0.06542229904
1782	0.06539568873
1783	0.06536667972
1784	0.06534379087
1785	0.06531912651
1786	0.06529790681
1787	0.06526859063
1788	0.06523981699
1789	0.06521207216
1790	0.06519654542
1791	0.06517275781
1792	0.06515933319
1793	0.06513228827
1794	0.06510651249
1795	0.06508485606
1796	0.06505764978
1797	0.06502878054
1798	0.06499146088
1799	0.06495793922
1800	0.0649469117
1801	0.06492093806
1802	0.06490445535
1803	0.06488082587
1804	0.06485981159
1805	0.06483696234
1806	0.06481929809
1807	0.06478930636
1808	0.06476183173
1809	0.06474021514
1810	0.06473050396
1811	0.06470434588
1812	0.06468888698
1813	0.06466168121
1814	0.06464058072
1815	0.06462343475
1816	0.06459855003
1817	0.06457137679
1818	0.06454562861
1819	0.06452692367
1820	0.0645028791
1821	0.06449117313
1822	0.06445885391
1823	0.06443814267
1824	0.06442063781
1825	0.06439453002
1826	0.06437488585
1827	0.06435167884
1828	0.06433353435
1829	0.06432026188
1830	0.06430607578
1831	0.06429465929
1832	0.0642680426
1833	0.0642322381
1834	0.06421159008
1835	0.06418462106
1836	0.06416594949
1837	0.06414876318
1838	0.06413144865
1839	0.06411366843
1840	0.06408748813
1841	0.06406639232
1842	0.06403784503
1843	0.06401878949
1844	0.06398740893
1845	0.06396861685
1846	0.06394707082
1847	0.06393127745
1848	0.06390304883
1849	0.06387819868
1850	0.06384718278
1851	0.06382227928
1852	0.06378656344
1853	0.06376673426
1854	0.06374194927
1855	0.06372774991
1856	0.06371041202
1857	0.06369149887
1858	0.06367148034
1859	0.06366438345
1860	0.06363717273
1861	0.06361485186
1862	0.06359720595
1863	0.06357919169
1864	0.06355392314
1865	0.06353251651
1866	0.0635096293
1867	0.0634818309
1868	0.0634639008
1869	0.06344414838
1870	0.06341522726
1871	0.06338536455
1872	0.06336183877
1873	0.06333659244
1874	0.06329804802
1875	0.06327321015
1876	0.063258473
1877	0.06323602964
1878	0.06320427626
1879	0.06316616424
1880	0.06315373634
1881	0.06313249885
1882	0.06311256193
1883	0.06308825242
1884	0.06307207638
1885	0.06304753109
1886	0.06302310202
1887	0.06299973371
1888	0.06298017226
1889	0.06296648816
1890	0.06294394956
1891	0.06291513406
1892	0.0628959139
1893	0.06285869293
1894	0.06283610983
1895	0.06281213489
1896	0.06279091652
1897	0.06277256215
1898	0.0627453418
1899	0.06272050043
1900	0.06269894094
1901	0.06267460379
1902	0.06264046948
1903	0.06262431664
1904	0.06260792952
1905	0.06259051274
1906	0.06255832946
1907	0.06252785906
1908	0.06250245066
1909	0.06247932826
1910	0.06245819649
1911	0.06243765587
1912	0.06241750032
1913	0.06240215432
1914	0.06237497722
1915	0.06234861007
1916	0.06232638717
1917	0.06229975895
1918	0.06228638868
1919	0.06226731123
1920	0.06224237989
1921	0.06221863525
1922	0.06219301491
1923	0.06216572243
1924	0.06213801484
1925	0.06211276924
1926	0.06207342657
1927	0.06203187727
1928	0.06200923528
1929	0.06198616809
1930	0.06196557928
1931	0.06193927046
1932	0.06191313971
1933	0.06188478638
1934	0.0618558034
1935	0.06182987295
1936	0.06180854294
1937	0.0617813186
1938	0.06175221847
1939	0.06171768947
1940	0.06168970974
1941	0.06167040127
1942	0.06164827811
1943	0.06162980701
1944	0.06161133547
1945	0.06157346822
1946	0.06154838034
1947	0.0615190937
1948	0.06150058932
1949	0.06148699987
1950	0.06146750175
1951	0.06144488239
1952	0.06141293962
1953	0.06138621365
1954	0.06137266248
1955	0.06135289045
1956	0.06133581639
1957	0.06131201319
1958	0.06128930226
1959	0.06127316121
1960	0.06124628411
1961	0.06121894198
1962	0.06118895044
1963	0.0611716999
1964	0.0611561693
1965	0.0611379859
1966	0.06110866305
1967	0.0610953626
1968	0.06108101788
1969	0.061061531
1970	0.06103928607
1971	0.06101600782
1972	0.06099126899
1973	0.06095381097
1974	0.06093528209
1975	0.06092247895
1976	0.06089049798
1977	0.06087283211
1978	0.06085216894
1979	0.06082484317
1980	0.06080346177
1981	0.06079197125
1982	0.06075531292
1983	0.06072525932
1984	0.06070728226
1985	0.06068309305
1986	0.06066419475
1987	0.0606331813
1988	0.06061291626
1989	0.06059034062
1990	0.06055732221
1991	0.06054371136
1992	0.06051213576
1993	0.06049691294
1994	0.06047596217
1995	0.06044406508
1996	0.06041645435
1997	0.06039340844
1998	0.0603690166
1999	0.06034175802
2000	0.06031942046
2001	0.06030401578
2002	0.06028612611
2003	0.06026418542
2004	0.06024840693
2005	0.06022767425
2006	0.06020473652
2007	0.06018494226
2008	0.06016496748
2009	0.06015299881
2010	0.06013873722
2011	0.06011520633
2012	0.0600919809
2013	0.06007315479
2014	0.06004459562
2015	0.06002633066
2016	0.05999976097
2017	0.05998888798
2018	0.05996155159
2019	0.05993598844
2020	0.05991826075
2021	0.05989904596
2022	0.05987367616
2023	0.05985509166
2024	0.05983437995
2025	0.05981443622
2026	0.05980023483
2027	0.05977490465
2028	0.05975102138
2029	0.05973571118
2030	0.05971504054
2031	0.05969155668
2032	0.05968033076
2033	0.05965973659
2034	0.05963743485
2035	0.05961974541
2036	0.05958317016
2037	0.0595650137
2038	0.05954644396
2039	0.05952230466
2040	0.05950659466
2041	0.0594820008
2042	0.05946846066
2043	0.0594489532
2044	0.0594305357
2045	0.05940797026
2046	0.0593886136
2047	0.05935714455
2048	0.05933492519
2049	0.0593059862
2050	0.05928307017
2051	0.05926425494
2052	0.05924282134
2053	0.05920835722
2054	0.05918360946
2055	0.05916563254
2056	0.05915086485
2057	0.05912486184
2058	0.05908784622
2059	0.05906646114
2060	0.0590396984
2061	0.05901926316
2062	0.05900133129
2063	0.0589703134
2064	0.05894931926
2065	0.05892875095
2066	0.05891484282
2067	0.05889360403
2068	0.0588663077
2069	0.05883878853
2070	0.05881776632
2071	0.05879942446
2072	0.05877762292
2073	0.05876054973
2074	0.05874101185
2075	0.05872940629
2076	0.05869376997
2077	0.05867432114
2078	0.05864873631
2079	0.05863234143
2080	0.05860944193
2081	0.05858961519
2082	0.05856245876
2083	0.05854512281
2084	0.05851806184
2085	0.05849223119
2086	0.05846342947
2087	0.05844303963
2088	0.05842926175
2089	0.0584122476
2090	0.05839826622
2091	0.05837979982
2092	0.05836016366
2093	0.05833549262
2094	0.05831300788
2095	0.05830086493
2096	0.05827919323
2097	0.05826608348
2098	0.05824553516
2099	0.05823031543
2100	0.05820694589
2101	0.05818152605
2102	0.05816340064
2103	0.0581301304
2104	0.05811119459
2105	0.05808260632
2106	0.05806502185
2107	0.05804427331
2108	0.05801499396
2109	0.05799387923
2110	0.05797992376
2111	0.05796279609
2112	0.05794296476
2113	0.05791660796
2114	0.05789664197
2115	0.05786086506
2116	0.05783566229
2117	0.05780741385
2118	0.057788742
2119	0.05776461516
2120	0.05774382037
2121	0.05773116783
2122	0.05771342636
2123	0.05769445689
2124	0.0576753561
2125	0.05764042809
2126	0.05761882767
2127	0.05759701584
2128	0.05756551582
2129	0.05753846297
2130	0.05751244027
2131	0.05748573334
2132	0.05746729101
2133	0.05744949931
2134	0.05743497908
2135	0.05741542927
2136	0.05739207905
2137	0.05737154581
2138	0.05735675886
2139	0.0573207727
2140	0.05729664498
2141	0.05726289728
2142	0.0572370257
2143	0.05721920889
2144	0.05720419413
2145	0.0571808638
2146	0.05715956684
2147	0.05713341562
2148	0.05711587309
2149	0.05709950287
2150	0.05706934916
2151	0.05705552234
2152	0.05704026956
2153	0.0570286755
2154	0.05700451209
2155	0.05698668567
2156	0.05696567013
2157	0.0569481047
2158	0.05693211644
2159	0.05691304993
2160	0.0568837912
2161	0.05685532331
2162	0.05682913819
2163	0.05681227703
2164	0.05679330918
2165	0.05677791497
2166	0.05675102734
2167	0.05673922694
2168	0.05671641539
2169	0.05669377253
2170	0.05666807093
2171	0.05665546701
2172	0.05664069265
2173	0.05662053726
2174	0.05659799297
2175	0.05657837588
2176	0.05655936769
2177	0.05653585845
2178	0.05651586798
2179	0.05649238718
2180	0.056465537
2181	0.05645270484
2182	0.05643605659
2183	0.05641880571
2184	0.0563956221
2185	0.05638205897
2186	0.05636058891
2187	0.0563400137
2188	0.05631504912
2189	0.05628652714
2190	0.05626383454
2191	0.05623203855
2192	0.05620784151
2193	0.05619308928
2194	0.05616416693
2195	0.05614546469
2196	0.05613541748
2197	0.05611602698
2198	0.05609973771
2199	0.05607453801
2200	0.05604701669
2201	0.05602079772
2202	0.0560035597
2203	0.05598217414
2204	0.05595128215
2205	0.05592764338
2206	0.0559134828
2207	0.05589669373
2208	0.05587955302
2209	0.05585701915
2210	0.05583676595
2211	0.05581120323
2212	0.05579267569
2213	0.05577687424
2214	0.05575020508
2215	0.0557269845
2216	0.05571389829
2217	0.05569577714
2218	0.05567487365
2219	0.0556629918
2220	0.05562770636
2221	0.05560461106
2222	0.05558709077
2223	0.05557184446
2224	0.05555687647
2225	0.05553592562
2226	0.0555207586
2227	0.05549918913
2228	0.05548696367
2229	0.055467283
2230	0.05544360866
2231	0.0554192127
2232	0.05540086876
2233	0.05538097915
2234	0.0553601216
2235	0.05534206102
2236	0.05532168942
2237	0.05529814593
2238	0.05527850254
2239	0.05524937658
2240	0.05522347698
2241	0.05519862705
2242	0.05517892365
2243	0.05515254236
2244	0.05513176758
2245	0.05511418911
2246	0.05508949646
2247	0.05506928754
2248	0.05505025638
2249	0.05502867541
2250	0.05500915283
2251	0.05498619248
2252	0.0549537005
2253	0.05493940908
2254	0.05491724444
2255	0.05488670283
2256	0.0548736295
2257	0.05485054849
2258	0.05482701751
2259	0.05480171206
2260	0.05478352147
2261	0.05476556206
2262	0.05474732088
2263	0.05472834576
2264	0.05470389061
2265	0.05469400574
2266	0.05467425323
2267	0.05465473165
2268	0.05463705503
2269	0.0546050161
2270	0.05458731925
2271	0.054568367
2272	0.05455017372
2273	0.05453354626
2274	0.05451653925
2275	0.05450102888
2276	0.05448310357
2277	0.05446818521
2278	0.05445198672
2279	0.05442531881
2280	0.05440800691
2281	0.05438524023
2282	0.05436399639
2283	0.05434372014
2284	0.05431912228
2285	0.05429966263
2286	0.05427068431
2287	0.05425536929
2288	0.05424638154
2289	0.0542322113
2290	0.05421196188
2291	0.05419604754
2292	0.05417986307
2293	0.05416743294
2294	0.05414757393
2295	0.05412241426
2296	0.05409568555
2297	0.05406636407
2298	0.05405055413
2299	0.05403417695
2300	0.0540123719
2301	0.05398301646
2302	0.05396552778
2303	0.05394809837
2304	0.05392667554
2305	0.05391106088
2306	0.05389374905
2307	0.05387334384
2308	0.05385750352
2309	0.05383889632
2310	0.05382097952
2311	0.05380638466
2312	0.0537868159
2313	0.05376765446
2314	0.05374135519
2315	0.05371874956
2316	0.05370160937
2317	0.05368085342
2318	0.05366717778
2319	0.05364813462
2320	0.05363051086
2321	0.05361118051
2322	0.05359020548
2323	0.05357074889
2324	0.0535613236
2325	0.0535474261
2326	0.0535302771
2327	0.05350761632
2328	0.0534882324
2329	0.05346782568
2330	0.05344239413
2331	0.05341735641
2332	0.05340048003
2333	0.05337893705
2334	0.05335569792
2335	0.05333550058
2336	0.05331740896
2337	0.053299204
2338	0.05328344635
2339	0.05326164216
2340	0.05324011417
2341	0.05322454636
2342	0.05320466232
2343	0.05319285897
2344	0.05316832853
2345	0.05314554381
2346	0.0531222428
2347	0.05310279195
2348	0.0530834415
2349	0.05306783402
2350	0.05305541312
2351	0.0530317005
2352	0.0530187787
2353	0.05298489805
2354	0.05295787138
2355	0.05294887275
2356	0.0529337246
2357	0.05291366239
2358	0.05289671427
2359	0.05287492079
2360	0.05285535315
2361	0.05284174531
2362	0.05282177061
2363	0.05280313558
2364	0.05278263103
2365	0.05277339173
2366	0.05275808693
2367	0.05274169779
2368	0.05272608504
2369	0.05269878679
2370	0.05268337251
2371	0.05266666065
2372	0.05265008003
2373	0.05263775823
2374	0.05261627605
2375	0.05259871443
2376	0.05258452325
2377	0.05256925803
2378	0.05254974258
2379	0.05252671888
2380	0.05250557334
2381	0.05248387434
2382	0.05247238368
2383	0.05245741898
2384	0.0524447514
2385	0.05242246769
2386	0.05239707609
2387	0.0523798555
2388	0.05236425051
2389	0.05234323904
2390	0.05231675909
2391	0.05229612531
2392	0.05227584611
2393	0.05225720623
2394	0.05224325737
2395	0.05222768949
2396	0.05220355844
2397	0.05218333395
2398	0.05217048747
2399	0.05214555718
2400	0.05213008891
2401	0.05211290808
2402	0.05209301852
2403	0.05207754032
2404	0.05205491719
2405	0.0520397559
2406	0.05202053343
2407	0.05199630644
2408	0.05198784106
2409	0.0519686594
2410	0.05194888029
2411	0.05192871929
2412	0.05191452745
2413	0.05190221393
2414	0.05187930854
2415	0.05186158475
2416	0.05184942792
2417	0.05183571283
2418	0.05182186785
2419	0.05181230883
2420	0.05180178018
2421	0.05178388064
2422	0.05177213924
2423	0.05175625976
2424	0.05173692676
2425	0.05172669555
2426	0.05169878833
2427	0.05168037381
2428	0.05165902444
2429	0.05163706932
2430	0.05160561518
2431	0.05157774593
2432	0.05155383486
2433	0.0515349936
2434	0.05152346425
2435	0.0515022133
2436	0.05147666221
2437	0.05146081791
2438	0.05144348624
2439	0.05141919412
2440	0.05140175149
2441	0.05138967426
2442	0.05137483978
2443	0.05135693708
2444	0.05133955662
2445	0.05132343027
2446	0.05130867747
2447	0.05129169634
2448	0.05127388612
2449	0.05125571278
2450	0.05122538409
2451	0.05120787648
2452	0.05119151078
2453	0.05117411983
2454	0.0511641993
2455	0.05115230726
2456	0.0511376777
2457	0.05111505962
2458	0.05110042092
2459	0.05108312712
2460	0.05106884032
2461	0.0510471274
2462	0.05102630759
2463	0.05101775452
2464	0.05100190529
2465	0.05099007035
2466	0.05097604477
2467	0.05096005219
2468	0.05093313553
2469	0.05091405549
2470	0.05088858949
2471	0.05086830294
2472	0.05084987037
2473	0.05083562637
2474	0.05082026273
2475	0.05080207778
2476	0.05078308711
2477	0.05076287791
2478	0.05074403247
2479	0.05073117079
2480	0.0507073962
2481	0.05069069201
2482	0.05066856076
2483	0.0506478989
2484	0.050634988
2485	0.05061288588
2486	0.05059643038
2487	0.05058049148
2488	0.05055904311
2489	0.05054573333
2490	0.05052998525
2491	0.05050550969
2492	0.05049481164
2493	0.05047806834
2494	0.05045823982
2495	0.05044486795
2496	0.05042680626
2497	0.05041876865
2498	0.05039560538
2499	0.05038561895
2500	0.05037114597
2501	0.05035556038
2502	0.05033387059
2503	0.05031156435
2504	0.05029186137
2505	0.05027549593
2506	0.05026798801
2507	0.05024771709
2508	0.05022742926
2509	0.05019650946
2510	0.05017451054
2511	0.05014922721
2512	0.05012741267
2513	0.05011118613
2514	0.05008106755
2515	0.05005546046
2516	0.05003943964
2517	0.05001356499
2518	0.04999220246
2519	0.04998004524
2520	0.04995812508
2521	0.04993504635
2522	0.04991053917
2523	0.04989368865
2524	0.04987039063
2525	0.04984938454
2526	0.04983500767
2527	0.04982003361
2528	0.04980210064
2529	0.04978831553
2530	0.04977664206
2531	0.04976158056
2532	0.04974540382
2533	0.04973336095
2534	0.0497289233
2535	0.04970179523
2536	0.04968371431
2537	0.04966592525
2538	0.04964034887
2539	0.04962321095
2540	0.04960344098
2541	0.04959367572
2542	0.04958337829
2543	0.04955998716
2544	0.04953906922
2545	0.04951679037
2546	0.04950614895
2547	0.0494904729
2548	0.04946399626
2549	0.04944902108
2550	0.04944501855
2551	0.04942857629
2552	0.0494146352
2553	0.04940121717
2554	0.04939099629
2555	0.04938004803
2556	0.04936392009
2557	0.0493470346
2558	0.04933430466
2559	0.04932307987
2560	0.04930675234
2561	0.04929011072
2562	0.04927060101
2563	0.04926446198
2564	0.04925244743
2565	0.0492352082
2566	0.04921876597
2567	0.0492074615
2568	0.04919604851
2569	0.04917822428
2570	0.04917379838
2571	0.04915218725
2572	0.04913618265
2573	0.04911515873
2574	0.04909881048
2575	0.04907939673
2576	0.04907519803
2577	0.04904963513
2578	0.04902920523
2579	0.04902224837
2580	0.04900731641
2581	0.04898645642
2582	0.04896587952
2583	0.04895990859
2584	0.04894517594
2585	0.04892246783
2586	0.04890878246
2587	0.04889627459
2588	0.04887813353
2589	0.04885736712
2590	0.0488381441
2591	0.04882264724
2592	0.04880734846
2593	0.04879346255
2594	0.04877204863
2595	0.04875057077
2596	0.04873137513
2597	0.04871598622
2598	0.04869993671
2599	0.04868492849
2600	0.04867350143
2601	0.04864787519
2602	0.04862859938
2603	0.04860343582
2604	0.04858443686
2605	0.04856626634
2606	0.04854388396
2607	0.04852535257
2608	0.04850857555
2609	0.0484954496
2610	0.04849083784
2611	0.04847608012
2612	0.04846196633
2613	0.04844617368
2614	0.04844056036
2615	0.04843055054
2616	0.04841629837
2617	0.04839299649
2618	0.04837380245
2619	0.04835403969
2620	0.04833867267
2621	0.04831971404
2622	0.04831016246
2623	0.04829776257
2624	0.04828784701
2625	0.04826951491
2626	0.04824935652
2627	0.04824526484
2628	0.04823206316
2629	0.0482135932
2630	0.04819359934
2631	0.04816885654
2632	0.04816452856
2633	0.04814471455
2634	0.0481167116
2635	0.04810403434
2636	0.04808302571
2637	0.04806495988
2638	0.0480597798
2639	0.0480390359
2640	0.0480179391
2641	0.04800367794
2642	0.04798678645
2643	0.0479645378
2644	0.04794361941
2645	0.04792971131
2646	0.0479072637
2647	0.04790130441
2648	0.04789078
2649	0.04787477775
2650	0.04785577932
2651	0.04784965513
2652	0.04783740765
2653	0.04782450714
2654	0.04779999816
2655	0.04779379603
2656	0.04778965878
2657	0.04778545847
2658	0.04777150337
2659	0.04774741999
2660	0.04772917731
2661	0.04770750218
2662	0.04770223772
2663	0.04768296081
2664	0.04766855948
2665	0.04765501999
2666	0.0476449167
2667	0.04763560094
2668	0.04761906251
2669	0.04760965971
2670	0.04759851069
2671	0.04757822591
2672	0.04756172492
2673	0.0475557277
2674	0.04753816553
2675	0.04751952453
2676	0.04750400675
2677	0.04748937567
2678	0.0474745386
2679	0.04746089837
2680	0.04744813722
2681	0.04743942694
2682	0.04743141225
2683	0.04741616554
2684	0.04740278094
2685	0.04738962164
2686	0.04736690353
2687	0.04735252953
2688	0.04733998106
2689	0.04732350416
2690	0.04730699308
2691	0.04729294513
2692	0.04726903427
2693	0.04725341891
2694	0.04723478812
2695	0.04721894772
2696	0.04720461626
2697	0.04718700688
2698	0.04718126851
2699	0.04716563054
2700	0.04715044143
2701	0.04714750205
2702	0.04713090732
2703	0.04711562061
2704	0.04710081379
2705	0.04709039556
2706	0.04708123921
2707	0.04706870861
2708	0.04705348836
2709	0.04703516707
2710	0.04701939154
2711	0.0470065291
2712	0.04700014143
2713	0.04698611241
2714	0.04697971671
2715	0.04696679218
2716	0.04694445036
2717	0.04691690056
2718	0.04691306745
2719	0.0469017216
2720	0.04688046614
2721	0.04685928748
2722	0.04684262204
2723	0.04682756839
2724	0.04681619493
2725	0.04680860974
2726	0.04678837375
2727	0.04677114514
2728	0.04676519902
2729	0.04674533699
2730	0.04673248506
2731	0.04670920479
2732	0.04670419858
2733	0.04669343621
2734	0.04668757748
2735	0.0466832224
2736	0.04666929051
2737	0.04666063611
2738	0.04665742489
2739	0.04663989595
2740	0.04662860271
2741	0.04661093895
2742	0.04659372749
2743	0.04657280781
2744	0.04655410029
2745	0.04654492922
2746	0.04652957045
2747	0.04651312984
2748	0.04649191662
2749	0.04648195783
2750	0.04646499635
2751	0.04645279905
2752	0.04643459229
2753	0.04641944471
2754	0.04641209929
2755	0.04638661067
2756	0.04637423972
2757	0.04635959159
2758	0.04634356471
2759	0.04633958654
2760	0.04633049527
2761	0.04630725503
2762	0.04629251281
2763	0.04627881742
2764	0.04625942666
2765	0.0462370685
2766	0.04621653195
2767	0.04620288863
2768	0.0461868854
2769	0.04616484343
2770	0.04614504452
2771	0.04612970847
2772	0.04611008573
2773	0.04610508725
2774	0.04609904258
2775	0.04607800401
2776	0.04606192419
2777	0.04604332936
2778	0.04603584069
2779	0.04602415848
2780	0.04601603634
2781	0.04600474324
2782	0.04599237301
2783	0.04598133818
2784	0.04596740111
2785	0.04595758449
2786	0.0459407332
2787	0.04592933242
2788	0.04591025414
2789	0.04589402248
2790	0.04587827833
2791	0.04585963259
2792	0.04584968037
2793	0.04583550621
2794	0.04582021275
2795	0.04580605662
2796	0.04578211217
2797	0.04576613378
2798	0.04574729191
2799	0.0457278358
2800	0.04571036438
2801	0.04569085706
2802	0.04567369289
2803	0.04565817801
2804	0.04564034139
2805	0.04562160739
2806	0.04559707584
2807	0.04558084625
2808	0.04556635606
2809	0.04555382796
2810	0.04553917547
2811	0.04552600901
2812	0.04551331767
2813	0.04550812107
2814	0.0454984789
2815	0.04547927616
2816	0.04545933665
2817	0.04544234308
2818	0.04542483315
2819	0.04540658975
2820	0.04540284098
2821	0.04539658461
2822	0.04538050969
2823	0.04536487553
2824	0.04534710703
2825	0.04532799587
2826	0.04531108867
2827	0.04529028293
2828	0.04527573573
2829	0.04526550188
2830	0.04524991669
2831	0.04523751658
2832	0.04521733723
2833	0.04521171007
2834	0.04519248239
2835	0.04517928415
2836	0.04517223776
2837	0.04515292803
2838	0.04514687181
2839	0.04513601795
2840	0.04511836035
2841	0.04511044856
2842	0.04510302218
2843	0.04508718803
2844	0.04507391269
2845	0.04505621101
2846	0.04505008008
2847	0.04503082134
2848	0.04501830128
2849	0.04500253175
2850	0.04499677695
2851	0.04498006376
2852	0.04496263802
2853	0.04495810575
2854	0.04494371136
2855	0.04492434997
2856	0.04491286165
2857	0.04489427312
2858	0.04487956391
2859	0.04486078288
2860	0.04485078894
2861	0.04484097571
2862	0.04483758286
2863	0.04481672738
2864	0.04480248543
2865	0.04478550851
2866	0.04476689132
2867	0.04476442157
2868	0.04475517347
2869	0.04474063897
2870	0.04472978897
2871	0.0447217498
2872	0.04471103566
2873	0.04469886824
2874	0.04469370859
2875	0.04467566486
2876	0.04466699554
2877	0.0446593436
2878	0.04463985978
2879	0.04461940542
2880	0.04460997893
2881	0.04459284725
2882	0.04458339829
2883	0.04456561875
2884	0.04454785514
2885	0.04452476326
2886	0.04451645854
2887	0.04449789432
2888	0.04448206104
2889	0.04446629242
2890	0.04446211286
2891	0.04444958428
2892	0.04443257057
2893	0.04441094852
2894	0.04439309427
2895	0.04437469483
2896	0.04435762034
2897	0.04434595876
2898	0.04433355148
2899	0.04432736326
2900	0.04431474601
2901	0.04429860964
2902	0.04428532706
2903	0.04427143528
2904	0.04425971374
2905	0.04425453721
2906	0.04424379261
2907	0.0442320116
2908	0.04421555751
2909	0.04420122925
2910	0.04418550665
2911	0.04416679407
2912	0.04414654241
2913	0.04414272693
2914	0.04413023348
2915	0.04412664019
2916	0.04412159867
2917	0.04410331721
2918	0.04408747277
2919	0.04406975782
2920	0.04406030003
2921	0.04404251594
2922	0.04403498408
2923	0.04403098227
2924	0.04401737095
2925	0.04401111912
2926	0.04399907305
2927	0.04398544592
2928	0.04397432227
2929	0.04396882405
2930	0.04395583002
2931	0.04393983932
2932	0.04392300786
2933	0.04390856211
2934	0.04389818238
2935	0.04388807718
2936	0.04387205323
2937	0.04385648683
2938	0.04384417352
2939	0.0438287473
2940	0.04381277227
2941	0.04379765551
2942	0.04378689481
2943	0.04376139617
2944	0.04375016344
2945	0.04373394372
2946	0.04371900328
2947	0.04370312774
2948	0.04369954807
2949	0.04368297167
2950	0.04367832374
2951	0.04366113675
2952	0.04364670061
2953	0.04363373677
2954	0.04361860405
2955	0.04360398527
2956	0.0435919418
2957	0.04358706741
2958	0.04357634979
2959	0.04355568424
2960	0.04353425272
2961	0.04352295203
2962	0.04350908475
2963	0.04350125474
2964	0.04348803245
2965	0.04347226205
2966	0.04345902907
2967	0.04345550968
2968	0.04344535363
2969	0.04343386643
2970	0.04341770088
2971	0.04339893965
2972	0.0433837814
2973	0.04337402472
2974	0.04336933949
2975	0.04335638912
2976	0.04333797667
2977	0.04332650325
2978	0.04331528437
2979	0.04329968074
2980	0.04329579233
2981	0.04328684947
2982	0.0432744276
2983	0.04326524294
2984	0.04325456859
2985	0.04324341119
2986	0.0432367141
2987	0.043219188
2988	0.04320127628
2989	0.04319700954
2990	0.04318340078
2991	0.04316614933
2992	0.04315353671
2993	0.04313775313
2994	0.0431286257
2995	0.04310748038
2996	0.04309160899
2997	0.04307938768
2998	0.04305780775
2999	0.04305285006
3000	0.04303901658
3001	0.04302554733
3002	0.04301266599
3003	0.04299477951
3004	0.0429829688
3005	0.04296710161
3006	0.04295837507
3007	0.0429512998
3008	0.04293965294
3009	0.04292725094
3010	0.04291630906
3011	0.04290537438
3012	0.04288595569
3013	0.04287341726
3014	0.04285362427
3015	0.04283603914
3016	0.04282776626
3017	0.04281639547
3018	0.04280476271
3019	0.04278974424
3020	0.042778633
3021	0.04276279974
3022	0.04275518577
3023	0.04275256856
3024	0.04273676362
3025	0.04272043949
3026	0.04271021745
3027	0.04270479319
3028	0.04269524841
3029	0.04267918312
3030	0.04266911874
3031	0.04264685063
3032	0.0426332285
3033	0.04262408067
3034	0.0426182968
3035	0.04260300344
3036	0.04258686922
3037	0.04257832455
3038	0.04256769022
3039	0.04256430527
3040	0.04254691952
3041	0.04253522576
3042	0.04251723145
3043	0.04251426943
3044	0.04250373113
3045	0.0424847612
3046	0.04247649922
3047	0.04246117655
3048	0.0424561273
3049	0.04243029608
3050	0.0424154748
3051	0.04239939073
3052	0.04238678466
3053	0.04237470919
3054	0.04235584566
3055	0.04235338853
3056	0.04233815827
3057	0.04232339971
3058	0.04230533705
3059	0.0422994764
3060	0.04228540492
3061	0.04226813152
3062	0.04226516164
3063	0.04224961056
3064	0.04223793619
3065	0.04222907954
3066	0.04221194618
3067	0.0422025692
3068	0.04219495425
3069	0.04217103384
3070	0.04215892514
3071	0.04214832786
3072	0.04214000458
3073	0.04213247027
3074	0.04212312027
3075	0.0421099246
3076	0.042092688
3077	0.04208924041
3078	0.0420843021
3079	0.04207342352
3080	0.04205782028
3081	0.04204363506
3082	0.04204124001
3083	0.04202719644
3084	0.04201546844
3085	0.04201032712
3086	0.04199290778
3087	0.04198232499
3088	0.04196348776
3089	0.04195517224
3090	0.04194104913
3091	0.04192548868
3092	0.04191352737
3093	0.04189735194
3094	0.0418868248
3095	0.0418786188
3096	0.04186495207
3097	0.04184993279
3098	0.04184176088
3099	0.04183233282
3100	0.04182532728
3101	0.04181118646
3102	0.04180613548
3103	0.04179634567
3104	0.04179039273
3105	0.04177458391
3106	0.04176346169
3107	0.04175960102
3108	0.0417419208
3109	0.04173341361
3110	0.04171728783
3111	0.04170603817
3112	0.0417023668
3113	0.04168868655
3114	0.04167705504
3115	0.04166053723
3116	0.0416468966
3117	0.04163381666
3118	0.04162321199
3119	0.04160736577
3120	0.04159451401
3121	0.04158110985
3122	0.04156798902
3123	0.04156223622
3124	0.04154951845
3125	0.04153449897
3126	0.04151787349
3127	0.04151441992
3128	0.04150952073
3129	0.04149464626
3130	0.04148386512
3131	0.04147423656
3132	0.04145899685
3133	0.04144390675
3134	0.04143851964
3135	0.04142580016
3136	0.04141697064
3137	0.04140876385
3138	0.04139528011
3139	0.0413802551
3140	0.04136426278
3141	0.04135137275
3142	0.04133894443
3143	0.04133322112
3144	0.04132064272
3145	0.04130709933
3146	0.04129794888
3147	0.04128868396
3148	0.04127809074
3149	0.04126354784
3150	0.0412544608
3151	0.04123961036
3152	0.04122982444
3153	0.04121607355
3154	0.04119224643
3155	0.04118073837
3156	0.04117024438
3157	0.04115850869
3158	0.04114065274
3159	0.04112164896
3160	0.04111107719
3161	0.04109981834
3162	0.04108833571
3163	0.04108436473
3164	0.04106849533
3165	0.041050896
3166	0.04103935814
3167	0.04102329314
3168	0.04100303136
3169	0.04099218197
3170	0.04097952893
3171	0.04096951558
3172	0.04094762729
3173	0.04094134866
3174	0.04092175863
3175	0.04091092918
3176	0.0408995794
3177	0.04089172471
3178	0.04088284168
3179	0.04087647932
3180	0.04086533506
3181	0.04084428532
3182	0.0408300777
3183	0.04082119345
3184	0.04080418474
3185	0.04079865824
3186	0.0407823663
3187	0.04076566405
3188	0.0407560284
3189	0.04073303396
3190	0.04072798459
3191	0.04071741634
3192	0.04070367934
3193	0.04068289292
3194	0.04066815203
3195	0.04066085945
3196	0.04065655561
3197	0.04063902219
3198	0.0406263902
3199	0.04061920815
3200	0.0406037447
3201	0.0405864518
3202	0.04057969341
3203	0.04056308571
3204	0.04055259707
3205	0.04054186722
3206	0.04053011724
3207	0.04051510332
3208	0.04050484995
3209	0.04048662229
3210	0.04047721703
3211	0.04046438189
3212	0.04045125913
3213	0.04044064562
3214	0.0404270961
3215	0.04041232729
3216	0.04039976699
3217	0.04037805458
3218	0.0403677604
3219	0.04036435766
3220	0.04033551841
3221	0.04031449357
3222	0.04030914047
3223	0.04030057287
3224	0.04029453754
3225	0.04027030665
3226	0.0402635715
3227	0.04025450128
3228	0.04023831318
3229	0.04022241292
3230	0.04020671804
3231	0.04019523864
3232	0.04018543162
3233	0.04016804546
3234	0.04015125722
3235	0.04013403965
3236	0.04012592823
3237	0.04010489382
3238	0.04008072113
3239	0.04007500097
3240	0.04006046752
3241	0.04003488816
3242	0.04003207096
3243	0.04001567745
3244	0.04000194001
3245	0.0399882591
3246	0.03997924331
3247	0.03996273774
3248	0.03995023224
3249	0.03993740383
3250	0.03992944809
3251	0.03991837087
3252	0.03991423579
3253	0.03990646258
3254	0.03989060248
3255	0.03988211358
3256	0.03987219846
3257	0.03985975838
3258	0.03984604442
3259	0.03982840009
3260	0.03982061437
3261	0.03981328185
3262	0.03979916462
3263	0.03978591619
3264	0.0397693273
3265	0.03976058292
3266	0.03974675314
3267	0.03972971102
3268	0.03970661858
3269	0.03969491004
3270	0.03969088895
3271	0.03968078539
3272	0.03966814402
3273	0.03966411672
3274	0.03965344638
3275	0.03963633129
3276	0.03962395439
3277	0.03960467003
3278	0.03959135282
3279	0.03957675958
3280	0.03956468399
3281	0.03954996419
3282	0.03953681248
3283	0.03952947875
3284	0.03952653756
3285	0.0395172725
3286	0.03950533434
3287	0.03948613919
3288	0.03947977665
3289	0.03946746588
3290	0.03945309738
3291	0.0394404677
3292	0.03942541727
3293	0.03941687209
3294	0.03941035725
3295	0.03940010982
3296	0.03939251917
3297	0.03938735724
3298	0.03937011324
3299	0.039362483
3300	0.03935774302
3301	0.03935415854
3302	0.03933971991
3303	0.03932735556
3304	0.03932461364
3305	0.0393137823
3306	0.03930347663
3307	0.03928908057
3308	0.03927487266
3309	0.03926423796
3310	0.03925566751
3311	0.03924578508
3312	0.03922493854
3313	0.03920959383
3314	0.0391906243
3315	0.03918217614
3316	0.03917133896
3317	0.03915256254
3318	0.0391462445
3319	0.03913593671
3320	0.03912680473
3321	0.03911508177
3322	0.03910456384
3323	0.03908674541
3324	0.03908125984
3325	0.03906925324
3326	0.03905193553
3327	0.03903543938
3328	0.03902350394
3329	0.03901657575
3330	0.03899909166
3331	0.03898936998
3332	0.03897897169
3333	0.03897601851
3334	0.03896670686
3335	0.03895488762
3336	0.03893672539
3337	0.03892692807
3338	0.03890993304
3339	0.03889941312
3340	0.03888464525
3341	0.0388725543
3342	0.03886246059
3343	0.03885257764
3344	0.03883172127
3345	0.03882009234
3346	0.03880706599
3347	0.03879192372
3348	0.03877882866
3349	0.03877031281
3350	0.03875914609
3351	0.03874665976
3352	0.03873635644
3353	0.03872611665
3354	0.03871433842
3355	0.03869858593
3356	0.03868243482
3357	0.03867653587
3358	0.03866058838
3359	0.03865402265
3360	0.0386374238
3361	0.03862426553
3362	0.03861241895
3363	0.03860053049
3364	0.0385923799
3365	0.03857762044
3366	0.03857508114
3367	0.03856765512
3368	0.0385521101
3369	0.03852593376
3370	0.03851748353
3371	0.03851109642
3372	0.03850139024
3373	0.03848794517
3374	0.0384754832
3375	0.03847070196
3376	0.03846131125
3377	0.03845276721
3378	0.0384450169
3379	0.03843620786
3380	0.03841767828
3381	0.03840324329
3382	0.03839841097
3383	0.03838664215
3384	0.03838352481
3385	0.03837108591
3386	0.03835555528
3387	0.03835012859
3388	0.03834758241
3389	0.03833368929
3390	0.03833124265
3391	0.03832015219
3392	0.03831488456
3393	0.03829992002
3394	0.03828846366
3395	0.03827493026
3396	0.03825955563
3397	0.03824345921
3398	0.03822693389
3399	0.03820919664
3400	0.03818979091
3401	0.03818303503
3402	0.03817305513
3403	0.03816021754
3404	0.03814577889
3405	0.03813122115
3406	0.03812061492
3407	0.03811121756
3408	0.03810361769
3409	0.03809329704
3410	0.03807579621
3411	0.03806220371
3412	0.03805079248
3413	0.03804351619
3414	0.03803030381
3415	0.03802061446
3416	0.03801250223
3417	0.03800186136
3418	0.03799569533
3419	0.03799178363
3420	0.03798518257
3421	0.03797789906
3422	0.03796942173
3423	0.03796188194
3424	0.03794979443
3425	0.037948188
3426	0.03793825453
3427	0.03792897174
3428	0.03791178601
3429	0.03790140223
3430	0.03788751994
3431	0.0378717078
3432	0.03786487474
3433	0.03786139848
3434	0.03784765133
3435	0.03784189105
3436	0.03783028874
3437	0.03781964587
3438	0.0378019301
3439	0.03779099757
3440	0.03777993897
3441	0.03777795258
3442	0.03776426207
3443	0.03775199383
3444	0.03774007219
3445	0.0377340848
3446	0.0377142521
3447	0.03770335102
3448	0.03769808517
3449	0.03768318574
3450	0.03767698577
3451	0.0376672585
3452	0.03765743644
3453	0.03763875167
3454	0.03763015645
3455	0.03761615841
3456	0.03760395492
3457	0.03759715202
3458	0.03758974116
3459	0.03757747033
3460	0.03757071773
3461	0.03755653514
3462	0.03754384653
3463	0.03753196192
3464	0.03751804688
3465	0.03750772842
3466	0.03749118074
3467	0.03747948334
3468	0.0374674478
3469	0.03746378702
3470	0.0374499416
3471	0.03743038934
3472	0.03742282035
3473	0.03741377769
3474	0.03740051779
3475	0.03739527325
3476	0.03738270106
3477	0.03736843025
3478	0.03736120394
3479	0.03734781463
3480	0.03733816957
3481	0.03732024703
3482	0.03730468728
3483	0.03729439255
3484	0.03728659693
3485	0.03727716131
3486	0.03726522814
3487	0.03725434032
3488	0.03724667251
3489	0.03724303364
3490	0.03723574216
3491	0.03722832579
3492	0.03721989356
3493	0.03720813107
3494	0.03719767101
3495	0.03717873
3496	0.03716857286
3497	0.0371660496
3498	0.03715852807
3499	0.03714830654
3500	0.03713702981
3501	0.03713020367
3502	0.03712504526
3503	0.03710425117
3504	0.03709235635
3505	0.03707880662
3506	0.03706501579
3507	0.037052629
3508	0.0370461697
3509	0.03703330215
3510	0.03702953576
3511	0.03701558114
3512	0.03701022965
3513	0.03700106082
3514	0.03699703389
3515	0.0369809793
3516	0.03697829603
3517	0.0369650222
3518	0.03696071901
3519	0.03694012759
3520	0.03692980993
3521	0.03691990024
3522	0.0369052314
3523	0.03689349324
3524	0.03688920229
3525	0.03687309599
3526	0.03685912656
3527	0.03683675665
3528	0.03681634551
